latitude,longitude,heading,speed,steer,direction,pitch,terrain
36.96749443,127.87290018,-98.85,0.0000,0.00,1,0.26,0.0
36.96749221,127.87289979,-99.07,0.0000,0.00,1,0.25,0.0
36.96748999,127.87289932,-99.41,0.0000,0.00,1,0.24,0.0
36.96748778,127.87289885,-100.04,0.0000,0.00,1,0.24,0.0
36.96748557,127.87289834,-100.27,0.0000,0.00,1,0.24,0.0
36.96748336,127.87289783,-100.68,0.0000,0.00,1,0.24,0.0
36.96748115,127.87289731,-100.90,0.0000,0.00,1,0.24,0.0
36.96747895,127.87289677,-101.20,0.0000,0.00,1,0.23,0.0
36.96747675,127.87289622,-101.61,0.0000,0.00,1,0.23,0.0
36.96747455,127.87289564,-101.89,0.0000,0.00,1,0.23,0.0
36.96747235,127.87289505,-102.36,0.0000,0.00,1,0.23,0.0
36.96747016,127.87289445,-102.80,0.0000,0.00,1,0.22,0.0
36.96746797,127.87289381,-103.14,0.0000,0.00,1,0.20,0.0
36.96746579,127.87289315,-103.90,0.0000,0.00,1,0.17,0.0
36.96746361,127.87289249,-104.57,0.0000,0.00,1,0.13,0.0
36.96746144,127.87289175,-105.34,0.4008,0.00,1,0.09,0.0
36.96745928,127.87289098,-106.57,0.5655,0.00,1,0.04,0.0
36.96745713,127.87289018,-107.54,0.6089,0.00,1,-0.01,0.0
36.96745500,127.87288929,-108.80,0.8026,0.00,1,-0.06,0.0
36.96745288,127.87288836,-110.68,1.0000,0.00,1,-0.08,0.0
36.96745078,127.87288736,-113.10,1.1310,0.00,1,-0.10,0.0
36.96744873,127.87288621,-116.18,1.1310,0.00,1,-0.12,0.0
36.96744675,127.87288488,-119.71,1.1310,0.00,1,-0.14,0.0
36.96744484,127.87288341,-122.25,1.2197,0.00,1,-0.18,0.0
36.96744300,127.87288180,-124.61,1.4140,0.00,1,-0.23,0.0
36.96744114,127.87288022,-126.68,1.6284,0.00,1,-0.21,0.0
36.96743936,127.87287850,-128.03,1.5441,0.00,1,-0.21,0.0
36.96743764,127.87287670,-129.85,1.5105,0.00,1,-0.20,0.0
36.96743593,127.87287488,-131.39,1.6505,0.00,1,-0.18,0.0
36.96743425,127.87287302,-132.32,1.4197,0.00,1,-0.17,0.0
36.96743263,127.87287107,-133.68,1.4137,0.00,1,-0.11,0.0
36.96743100,127.87286914,-135.80,1.4137,0.00,1,-0.06,0.0
36.96742943,127.87286712,-137.89,1.4137,0.00,1,-0.05,0.0
36.96742799,127.87286496,-140.44,1.4137,0.00,1,-0.06,0.0
36.96742661,127.87286274,-142.55,1.4137,0.00,1,-0.03,0.0
36.96742528,127.87286048,-143.64,1.4137,0.00,1,0.02,0.0
36.96742397,127.87285820,-145.06,1.4137,0.00,1,0.02,0.0
36.96742267,127.87285591,-146.59,1.4137,0.00,1,-0.07,0.0
36.96742147,127.87285353,-148.36,1.4137,0.00,1,-0.32,0.0
36.96742034,127.87285110,-150.23,1.3085,0.00,1,-0.55,0.0
36.96741926,127.87284863,-152.82,1.1310,0.00,1,-0.75,0.0
36.96741821,127.87284616,-156.31,1.1310,0.00,1,-0.94,0.0
36.96741737,127.87284354,-161.22,1.2768,0.00,1,-1.18,0.0
36.96741674,127.87284085,-167.09,1.3538,0.00,1,-1.37,0.0
36.96741639,127.87283807,-171.96,1.1584,0.00,1,-1.45,0.0
36.96741621,127.87283527,-176.00,1.3051,0.00,1,-1.37,0.0
36.96741612,127.87283246,179.06,1.3232,0.00,1,-1.24,0.0
36.96741612,127.87282965,175.18,1.1338,0.00,1,-1.10,0.0
36.96741654,127.87282689,171.90,1.3402,0.00,1,-1.02,0.0
36.96741696,127.87282413,169.15,1.4137,0.00,1,-0.99,0.0
36.96741739,127.87282137,169.15,1.3479,0.00,1,-1.01,0.0
36.96741781,127.87281861,169.15,1.1343,0.00,1,-1.04,0.0
36.96741823,127.87281585,169.15,1.3548,0.00,1,-1.20,0.0
36.96741865,127.87281309,169.15,1.4137,0.00,1,-1.46,0.0
36.96741908,127.87281033,169.15,1.5417,0.00,1,-1.68,0.0
36.96741950,127.87280757,169.15,1.5948,0.00,1,-1.78,0.0
36.96741992,127.87280481,169.28,1.4137,0.00,1,-1.81,0.0
36.96742034,127.87280204,173.55,1.4039,0.00,1,-1.79,0.0
36.96742075,127.87279928,173.21,1.1823,0.00,1,-1.72,0.0
36.96742050,127.87279649,172.80,1.3175,0.00,1,-1.50,0.0
36.96742097,127.87279374,172.25,1.4137,0.00,1,-1.17,0.0
36.96742146,127.87279100,167.58,1.4137,0.00,1,-0.81,0.0
36.96742194,127.87278826,167.51,1.4137,0.00,1,-0.46,0.0
36.96742243,127.87278551,167.51,1.4137,0.00,1,-0.14,0.0
36.96742292,127.87278277,167.51,1.3967,0.00,1,0.15,0.0
36.96742340,127.87278002,167.51,1.1663,0.00,1,0.35,0.0
36.96742389,127.87277728,167.51,1.3159,0.00,1,0.52,0.0
36.96742437,127.87277453,167.51,1.2964,0.00,1,0.61,0.0
36.96742486,127.87277179,167.51,1.1310,0.00,1,0.62,0.0
36.96742534,127.87276905,167.56,1.1310,0.00,1,0.59,0.0
36.96742583,127.87276630,167.36,1.3336,0.00,1,0.56,0.0
36.96742631,127.87276356,167.16,1.2532,0.00,1,0.46,0.0
36.96742682,127.87276082,166.95,1.1310,0.00,1,0.32,0.0
36.96742734,127.87275808,166.70,1.1310,0.00,1,0.20,0.0
36.96742786,127.87275535,166.70,1.1310,0.00,1,0.14,0.0
36.96742837,127.87275261,166.70,1.1310,0.00,1,0.08,0.0
36.96742889,127.87274988,166.70,1.1310,0.00,1,0.02,0.0
36.96742941,127.87274714,166.70,1.1792,0.00,1,0.01,0.0
36.96742992,127.87274441,166.70,1.3502,0.00,1,-0.12,0.0
36.96743044,127.87274167,166.70,1.1310,0.00,1,-0.41,0.0
36.96743096,127.87273894,166.70,1.2745,0.00,1,-0.76,0.0
36.96743147,127.87273620,166.70,1.2453,0.00,1,-1.12,0.0
36.96743199,127.87273346,166.70,1.3100,0.00,1,-1.36,0.0
36.96743251,127.87273073,166.70,1.1967,0.00,1,-1.47,0.0
36.96743302,127.87272799,166.70,1.1310,0.00,1,-1.49,0.0
36.96743354,127.87272526,166.70,1.0002,0.00,1,-1.37,0.0
36.96743406,127.87272252,166.70,0.8482,0.00,1,-1.30,0.0
36.96743457,127.87271979,166.70,0.8482,0.00,1,-1.19,0.0
36.96743509,127.87271705,166.70,0.8482,0.00,1,-1.02,0.0
36.96743561,127.87271432,166.70,0.8482,0.00,1,-0.93,0.0
36.96743612,127.87271158,166.70,1.0982,0.00,1,-0.98,0.0
36.96743664,127.87270885,166.70,0.6426,0.00,1,-1.11,0.0
36.96743716,127.87270611,166.67,0.8482,0.00,1,-1.28,0.0
36.96743767,127.87270337,165.23,0.5655,0.00,1,-1.50,0.0
36.96743819,127.87270064,163.38,0.5655,0.00,1,-1.60,0.0
36.96743893,127.87269798,160.81,0.5655,0.00,1,-1.63,0.0
36.96743972,127.87269536,158.17,0.2850,0.00,1,-1.59,0.0
36.96744062,127.87269278,157.07,0.5655,0.00,1,-1.55,0.0
36.96744153,127.87269021,155.92,0.5655,0.00,1,-1.52,0.0
36.96744243,127.87268763,155.32,0.5655,0.00,1,-1.47,0.0
36.96744339,127.87268509,154.20,0.5655,0.00,1,-1.46,0.0
36.96744437,127.87268256,152.51,0.5655,0.00,1,-1.54,0.0
36.96744544,127.87268009,151.15,0.5655,0.00,1,-1.53,0.0
36.96744657,127.87267766,153.59,0.5655,0.00,1,-1.53,0.0
36.96744772,127.87267525,158.69,0.3267,0.00,1,-1.58,0.0
36.96744834,127.87267255,165.59,0.7870,0.00,1,-1.59,0.0
36.96744866,127.87266977,174.62,0.6675,0.00,1,-1.56,0.0
36.96744877,127.87266696,-178.74,0.8482,0.00,1,-1.64,0.0
36.96744855,127.87266417,-172.48,0.8482,0.00,1,-1.73,0.0
36.96744815,127.87266140,-165.67,0.8482,0.00,1,-1.84,0.0
36.96744749,127.87265871,-158.51,1.0820,0.00,1,-1.98,0.0
36.96744656,127.87265616,-151.41,0.9018,0.00,1,-2.18,0.0
36.96744530,127.87265383,-146.91,0.8482,0.00,1,-2.40,0.0
36.96744390,127.87265164,-144.93,0.8482,0.00,1,-2.63,0.0
36.96744261,127.87264934,-145.45,0.8482,0.00,1,-2.89,-0.6
36.96744141,127.87264696,-147.27,0.8482,0.00,1,-3.10,-1.0
36.96744021,127.87264458,-148.41,0.8482,0.00,1,-3.10,-1.0
36.96743904,127.87264218,-148.20,0.8482,0.00,1,-2.99,-1.0
36.96743790,127.87263976,-148.60,0.5942,0.00,1,-2.78,-1.0
36.96743667,127.87263741,-149.32,1.0650,0.00,1,-2.48,-1.0
36.96743553,127.87263499,-149.08,0.9379,0.00,1,-2.30,-1.0
36.96743446,127.87263252,-149.51,1.0382,0.00,1,-2.12,-1.0
36.96743329,127.87263012,-151.73,0.9323,0.00,1,-1.96,-1.0
36.96743212,127.87262772,-157.09,1.1310,0.00,1,-1.75,-1.0
36.96743129,127.87262511,-164.82,1.0566,0.00,1,-1.51,-0.7
36.96743102,127.87262233,-173.74,0.9349,0.00,1,-1.22,0.0
36.96743099,127.87261952,177.96,0.8986,0.00,1,-0.89,0.0
36.96743115,127.87261671,171.68,0.7023,0.00,1,-0.61,0.0
36.96743161,127.87261396,165.48,0.7064,0.00,1,-0.46,0.0
36.96743231,127.87261129,159.02,0.6960,0.00,1,-0.44,0.0
36.96743322,127.87260873,154.49,0.8482,0.00,1,-0.55,0.0
36.96743434,127.87260629,148.47,0.8482,0.00,1,-0.69,0.0
36.96743546,127.87260386,143.00,0.8482,0.00,1,-0.83,0.0
36.96743697,127.87260178,136.89,0.8482,0.00,1,-0.95,0.0
36.96743858,127.87259982,129.10,0.9213,0.00,1,-1.01,0.0
36.96744041,127.87259818,125.43,1.0434,0.00,1,-0.92,0.0
36.96744237,127.87259683,123.45,0.8482,0.00,1,-0.81,0.0
36.96744425,127.87259529,123.52,1.1054,0.00,1,-0.68,0.0
36.96744607,127.87259363,127.90,0.8482,0.00,1,-0.66,0.0
36.96744788,127.87259199,133.11,0.9802,0.00,1,-0.82,0.0
36.96744943,127.87258995,138.17,1.1310,0.00,1,-1.05,0.0
36.96745075,127.87258768,144.00,0.9029,0.00,1,-1.27,0.0
36.96745200,127.87258534,146.98,0.8482,0.00,1,-1.49,0.0
36.96745315,127.87258292,148.39,0.8482,0.00,1,-1.48,0.0
36.96745432,127.87258053,149.04,1.1285,0.00,1,-1.30,0.0
36.96745546,127.87257811,148.86,0.8392,0.00,1,-0.99,0.0
36.96745662,127.87257570,150.08,0.5698,0.00,1,-0.68,0.0
36.96745779,127.87257330,150.83,0.8293,0.00,1,-0.37,0.0
36.96745880,127.87257079,153.15,0.8482,0.00,1,-0.19,0.0
36.96745983,127.87256830,157.00,0.6081,0.00,1,-0.12,0.0
36.96746067,127.87256569,161.08,0.5655,0.00,1,-0.13,0.0
36.96746129,127.87256299,166.84,0.5655,0.00,1,-0.17,0.0
36.96746170,127.87256023,172.57,0.7303,0.00,1,-0.20,0.0
36.96746186,127.87255742,178.39,0.8482,0.00,1,-0.22,0.0
36.96746182,127.87255462,-175.71,0.8482,0.00,1,-0.24,0.0
36.96746154,127.87255183,-169.92,0.8482,0.00,1,-0.18,0.0
36.96746103,127.87254909,-164.69,0.8482,0.00,1,0.03,0.0
36.96746030,127.87254643,-159.67,0.9740,0.00,1,0.25,0.0
36.96745946,127.87254383,-154.64,1.0324,0.00,1,0.46,0.0
36.96745843,127.87254133,-150.28,0.9091,0.00,1,0.70,0.0
36.96745720,127.87253898,-145.66,1.1310,0.00,1,0.99,0.0
36.96745587,127.87253672,-141.78,1.1310,0.00,1,1.21,0.0
36.96745441,127.87253458,-139.14,0.9604,0.00,1,1.42,0.0
36.96745289,127.87253252,-138.49,0.9538,0.00,1,1.66,0.0
36.96745133,127.87253049,-139.93,1.0777,0.00,1,1.94,0.0
36.96744992,127.87252830,-143.16,0.8650,0.00,1,2.24,0.0
36.96744865,127.87252599,-148.43,1.1235,0.00,1,2.50,0.0
36.96744752,127.87252356,-154.71,1.1310,0.00,1,2.67,0.0
36.96744666,127.87252097,-162.99,0.8580,0.00,1,2.76,0.0
36.96744613,127.87251824,-171.49,1.1140,0.00,1,2.72,0.0
36.96744607,127.87251544,-179.13,0.8799,0.00,1,2.62,0.0
36.96744622,127.87251263,173.95,1.1310,0.00,1,2.46,0.0
36.96744652,127.87250985,168.65,1.1310,0.00,1,2.22,0.0
36.96744707,127.87250712,165.25,1.1310,0.00,1,1.98,0.0
36.96744782,127.87250448,162.72,1.1310,0.00,1,1.67,0.0
36.96744850,127.87250180,161.85,1.1310,0.00,1,1.26,0.0
36.96744919,127.87249912,163.22,0.9308,0.00,1,0.97,0.0
36.96744987,127.87249644,164.31,0.9619,0.00,1,0.76,0.0
36.96745041,127.87249372,166.42,1.0856,0.00,1,0.70,0.0
36.96745092,127.87249098,166.72,0.8482,0.00,1,0.99,0.0
36.96745129,127.87248821,165.80,0.9016,0.00,1,1.35,0.0
36.96745193,127.87248551,164.76,1.0102,0.00,1,1.87,0.0
36.96745261,127.87248284,162.82,0.8482,0.00,1,2.39,0.0
36.96745328,127.87248015,163.00,0.6694,0.00,1,2.73,0.0
36.96745395,127.87247747,163.23,0.7336,0.00,1,2.88,0.0
36.96745455,127.87247476,163.48,0.7019,0.00,1,2.96,0.0
36.96745521,127.87247207,163.42,0.3077,0.00,1,2.98,0.5
36.96745584,127.87246938,162.48,0.2601,0.00,1,2.97,1.0
36.96745651,127.87246670,163.59,0.6917,0.00,1,2.89,1.0
36.96745726,127.87246405,163.39,0.7559,0.00,1,2.70,1.0
36.96745774,127.87246130,162.38,0.6116,0.00,1,2.51,1.0
36.96745840,127.87245862,160.88,0.8448,0.00,1,2.31,1.0
36.96745922,127.87245600,155.79,0.5948,0.00,1,1.99,1.0
36.96746019,127.87245347,150.32,0.5655,0.00,1,1.58,1.0
36.96746140,127.87245111,145.64,0.7973,0.00,1,1.29,0.2
36.96746281,127.87244892,140.71,1.1092,0.00,1,1.03,0.0
36.96746426,127.87244678,137.25,1.1310,0.00,1,0.82,0.0
36.96746586,127.87244480,135.28,1.1310,0.00,1,0.87,0.0
36.96746749,127.87244287,133.31,0.9846,0.00,1,0.97,0.0
36.96746913,127.87244094,132.77,0.8482,0.00,1,1.12,0.0
36.96747080,127.87243907,132.46,1.0509,0.00,1,1.33,0.0
36.96747245,127.87243716,132.14,1.1310,0.00,1,1.59,0.0
36.96747412,127.87243528,131.84,0.9158,0.00,1,1.79,0.0
36.96747579,127.87243340,130.34,1.0393,0.00,1,1.96,0.0
36.96747749,127.87243157,128.46,1.1310,0.00,1,2.13,0.0
36.96747929,127.87242989,126.73,0.8714,0.00,1,2.27,0.0
36.96748114,127.87242830,124.22,0.6649,0.00,1,2.41,0.0
36.96748298,127.87242668,121.94,0.8482,0.00,1,2.54,0.0
36.96748491,127.87242525,119.65,0.8482,0.00,1,2.68,0.0
36.96748690,127.87242395,116.43,0.6267,0.00,1,2.76,0.0
36.96748893,127.87242274,112.34,0.5655,0.00,1,2.80,0.0
36.96749101,127.87242169,108.70,0.6383,0.00,1,2.79,0.0
36.96749318,127.87242100,105.44,0.8482,0.00,1,2.73,0.0
36.96749537,127.87242036,103.11,0.8482,0.00,1,2.67,0.0
36.96749757,127.87241976,103.06,0.8482,0.00,1,2.63,0.0
36.96749976,127.87241914,102.51,0.8482,0.00,1,2.60,0.0
36.96750193,127.87241846,101.73,0.8508,0.00,1,2.60,0.0
36.96750414,127.87241793,100.56,1.0668,0.00,1,2.62,0.0
36.96750636,127.87241748,98.61,0.9803,0.00,1,2.65,0.0
36.96750858,127.87241708,96.90,0.9296,0.00,1,2.66,0.0
36.96751081,127.87241677,95.35,1.1310,0.00,1,2.63,0.0
36.96751305,127.87241658,93.91,1.1310,0.00,1,2.55,0.0
36.96751529,127.87241643,92.73,1.1310,0.00,1,2.33,0.0
36.96751754,127.87241632,91.81,1.1310,0.00,1,2.02,0.0
36.96751978,127.87241624,90.83,1.1310,0.00,1,1.65,0.0
36.96752203,127.87241622,89.67,1.2908,0.00,1,1.15,0.0
36.96752427,127.87241627,88.27,1.4137,0.00,1,0.67,0.0
36.96752652,127.87241638,86.30,1.4137,0.00,1,0.24,0.0
36.96752876,127.87241658,84.24,1.4137,0.00,1,-0.15,0.0
36.96753098,127.87241695,82.75,1.4137,0.00,1,-0.42,0.0
36.96753320,127.87241739,81.25,1.4137,0.00,1,-0.61,0.0
36.96753542,127.87241780,80.59,1.4137,0.00,1,-0.71,0.0
36.96753764,127.87241829,80.37,1.4137,0.00,1,-0.43,0.0
36.96753985,127.87241878,79.47,1.3196,0.00,1,-0.16,0.0
36.96754206,127.87241927,78.91,1.1344,0.00,1,0.05,0.0
36.96754425,127.87241985,78.43,1.3310,0.00,1,0.21,0.0
36.96754645,127.87242045,77.75,1.3007,0.00,1,0.39,0.0
36.96754865,127.87242104,77.69,1.1562,0.00,1,0.58,0.0
36.96755084,127.87242166,77.77,1.3501,0.00,1,0.75,0.0
36.96755303,127.87242225,77.43,1.5503,0.00,1,0.74,0.0
36.96755523,127.87242283,77.22,1.6406,0.00,1,0.62,0.0
36.96755741,127.87242349,76.70,1.4421,0.00,1,0.40,0.0
36.96755959,127.87242415,75.80,1.4137,0.00,1,0.26,0.0
36.96756177,127.87242484,75.03,1.4137,0.00,1,0.20,0.0
36.96756394,127.87242559,74.29,1.4137,0.00,1,0.24,0.0
36.96756609,127.87242639,73.96,1.2392,0.00,1,0.29,0.0
36.96756824,127.87242719,73.62,1.2096,0.00,1,0.34,0.0
36.96757040,127.87242794,73.40,1.3909,0.00,1,0.38,0.0
36.96757255,127.87242876,73.20,1.4137,0.00,1,0.40,0.0
36.96757470,127.87242960,72.23,1.4137,0.00,1,0.37,0.0
36.96757684,127.87243044,71.49,1.4137,0.00,1,0.27,0.0
36.96757896,127.87243138,71.02,1.4137,0.00,1,0.06,0.0
36.96758107,127.87243233,70.49,1.4137,0.00,1,-0.19,0.0
36.96758319,127.87243326,70.10,1.4137,0.00,1,-0.45,0.0
36.96758531,127.87243419,69.72,1.4137,0.00,1,-0.68,0.0
36.96758740,127.87243520,69.47,1.6059,0.00,1,-1.02,0.0
36.96758950,127.87243622,68.82,1.6965,0.00,1,-1.32,0.0
36.96759160,127.87243720,67.83,1.6345,0.00,1,-1.58,0.0
36.96759368,127.87243825,66.27,1.4241,0.00,1,-1.87,0.0
36.96759572,127.87243944,63.80,1.4137,0.00,1,-2.16,0.0
36.96759771,127.87244074,60.59,1.5480,0.00,1,-2.45,0.0
36.96759965,127.87244216,58.08,1.6361,0.00,1,-2.68,0.0
36.96760149,127.87244376,55.75,1.4248,0.00,1,-2.74,0.0
36.96760333,127.87244538,53.47,1.4137,0.00,1,-2.80,0.0
36.96760513,127.87244706,51.97,1.4137,0.00,1,-2.78,0.0
36.96760686,127.87244885,49.90,1.4739,0.00,1,-2.67,0.0
36.96760856,127.87245068,47.53,1.6853,0.00,1,-2.48,0.0
36.96761019,127.87245261,44.77,1.4912,0.00,1,-2.30,0.0
36.96761174,127.87245464,40.02,1.4137,0.00,1,-2.10,0.0
36.96761317,127.87245681,34.12,1.3580,0.00,1,-1.85,0.0
36.96761430,127.87245923,27.17,1.1578,0.00,1,-1.51,0.0
36.96761518,127.87246182,19.70,1.3143,0.00,1,-1.24,0.0
36.96761579,127.87246452,13.85,1.2925,0.00,1,-1.03,0.0
36.96761617,127.87246729,9.50,1.1908,0.00,1,-0.84,0.0
36.96761644,127.87247008,6.61,1.3943,0.00,1,-0.64,0.0
36.96761666,127.87247288,4.93,1.4137,0.00,1,-0.85,0.0
36.96761683,127.87247568,3.74,1.4137,0.00,1,-1.16,0.0
36.96761694,127.87247849,2.75,1.4137,0.00,1,-1.53,0.0
36.96761702,127.87248130,1.80,1.4137,0.00,1,-1.95,0.0
36.96761709,127.87248411,0.17,1.3039,0.00,1,-2.38,0.0
36.96761711,127.87248691,-1.65,1.1310,0.00,1,-2.85,-0.1
36.96761697,127.87248972,-3.84,1.1310,0.00,1,-3.41,-0.9
36.96761676,127.87249252,-6.29,1.3256,0.00,1,-3.61,-1.0
36.96761649,127.87249531,-7.88,1.4137,0.00,1,-3.65,-1.0
36.96761613,127.87249808,-9.31,1.4137,0.00,1,-3.62,-1.0
36.96761574,127.87250085,-10.61,1.3052,0.00,1,-3.53,-1.0
36.96761531,127.87250361,-11.20,1.2171,0.00,1,-3.37,-1.0
36.96761483,127.87250636,-11.66,1.2934,0.00,1,-3.19,-1.0
36.96761438,127.87250911,-12.00,0.9202,0.00,1,-3.32,-1.0
36.96761392,127.87251186,-12.32,1.4137,0.00,1,-3.55,-1.0
36.96761344,127.87251461,-12.94,1.4137,0.00,1,-3.80,-1.0
36.96761292,127.87251734,-13.60,1.4137,0.00,1,-4.08,-1.0
36.96761237,127.87252007,-14.65,1.6326,0.00,1,-4.46,-1.0
36.96761181,127.87252279,-15.41,1.4672,0.00,1,-4.62,-1.0
36.96761117,127.87252548,-16.01,1.4137,0.00,1,-4.76,-1.0
36.96761053,127.87252818,-17.11,1.1617,0.00,1,-4.86,-1.0
36.96760989,127.87253087,-17.89,1.1544,0.00,1,-4.95,-1.0
36.96760917,127.87253353,-18.72,1.2968,0.00,1,-4.87,-1.0
36.96760841,127.87253618,-19.59,1.1310,0.00,1,-4.50,-1.0
36.96760765,127.87253882,-20.06,1.1310,0.00,1,-4.12,-1.0
36.96760688,127.87254146,-20.46,1.0971,0.00,1,-3.50,-1.0
36.96760609,127.87254409,-20.95,0.8482,0.00,1,-2.98,-1.0
36.96760527,127.87254671,-21.42,1.0135,0.00,1,-2.53,-1.0
36.96760444,127.87254932,-21.62,0.5655,0.00,1,-2.17,-1.0
36.96760360,127.87255193,-22.05,0.5655,0.00,1,-1.94,-1.0
36.96760278,127.87255454,-22.60,0.5655,0.00,1,-1.69,-1.0
36.96760190,127.87255713,-23.30,0.5655,0.00,1,-1.43,-0.4
36.96760098,127.87255970,-24.15,0.4077,0.00,1,-1.22,0.0
36.96760005,127.87256225,-24.96,0.4248,0.00,1,-1.04,0.0
36.96759910,127.87256480,-25.56,0.4396,0.00,1,-0.95,0.0
36.96759811,127.87256732,-25.90,0.2827,0.00,1,-1.03,0.0
36.96759711,127.87256984,-24.40,0.2827,0.00,1,-1.21,0.0
36.96759613,127.87257236,-20.84,0.3587,0.00,1,-1.46,0.0
36.96759540,127.87257502,-15.31,0.5092,0.00,1,-1.78,0.0
36.96759493,127.87257777,-7.78,0.3172,0.00,1,-2.16,0.0
36.96759476,127.87258056,-0.10,0.5655,0.00,1,-2.49,0.0
36.96759493,127.87258336,6.88,0.5655,0.00,1,-2.71,0.0
36.96759539,127.87258611,12.50,0.8170,0.00,1,-2.90,0.0
36.96759600,127.87258882,16.09,1.0854,0.00,1,-3.14,-0.8
36.96759670,127.87259149,18.05,0.9097,0.00,1,-3.31,-1.0
36.96759742,127.87259415,19.52,1.0558,0.00,1,-3.35,-1.0
36.96759817,127.87259680,20.57,1.1310,0.00,1,-3.41,-1.0
36.96759900,127.87259941,21.62,1.1310,0.00,1,-3.49,-1.0
36.96759985,127.87260201,23.14,1.1310,0.00,1,-3.55,-1.0
36.96760072,127.87260460,24.29,1.1310,0.00,1,-3.62,-1.0
36.96760170,127.87260713,25.72,1.1310,0.00,1,-3.72,-1.0
36.96760269,127.87260965,27.24,1.1310,0.00,1,-3.80,-1.0
36.96760375,127.87261213,28.35,1.1310,0.00,1,-3.88,-1.0
36.96760483,127.87261459,29.50,1.1310,0.00,1,-3.97,-1.0
36.96760596,127.87261703,30.56,1.1310,0.00,1,-4.04,-1.0
36.96760712,127.87261943,31.47,1.1310,0.00,1,-4.10,-1.0
36.96760832,127.87262181,31.68,1.1310,0.00,1,-4.21,-1.0
36.96760952,127.87262418,30.47,1.1310,0.00,1,-4.35,-1.0
36.96761068,127.87262659,26.56,1.1310,0.00,1,-4.51,-1.0
36.96761167,127.87262911,20.36,1.1310,0.00,1,-4.76,-1.0
36.96761231,127.87263180,12.42,1.1310,0.00,1,-5.06,-1.0
36.96761261,127.87263458,3.57,0.9850,0.00,1,-5.33,-1.0
36.96761258,127.87263738,-3.90,0.9186,0.00,1,-5.57,-1.0
36.96761222,127.87264016,-9.97,1.1178,0.00,1,-5.80,-1.0
36.96761170,127.87264289,-14.57,1.1310,0.00,1,-6.08,-1.0
36.96761106,127.87264558,-17.27,1.0171,0.00,1,-6.30,-1.0
36.96761032,127.87264824,-19.09,0.9039,0.00,1,-6.45,-1.0
36.96760955,127.87265088,-20.28,1.1204,0.00,1,-6.54,-1.0
36.96760876,127.87265351,-21.19,0.8787,0.00,1,-6.59,-1.0
36.96760795,127.87265613,-22.35,0.8482,0.00,1,-6.59,-1.0
36.96760708,127.87265872,-23.97,1.0289,0.00,1,-6.50,-1.0
36.96760614,127.87266128,-26.75,1.0019,0.00,1,-6.38,-1.0
36.96760512,127.87266377,-29.57,0.9173,0.00,1,-6.28,-1.0
36.96760391,127.87266615,-32.28,1.1334,0.00,1,-6.20,-1.0
36.96760265,127.87266847,-34.93,1.3419,0.00,1,-6.15,-1.0
36.96760135,127.87267076,-37.47,1.2723,0.00,1,-6.09,-1.0
36.96759998,127.87267299,-40.60,1.1310,0.00,1,-6.08,-1.0
36.96759846,127.87267505,-45.14,1.1454,0.00,1,-6.13,-1.0
36.96759683,127.87267698,-50.67,1.3693,0.00,1,-6.19,-1.0
36.96759502,127.87267865,-55.46,1.2293,0.00,1,-6.20,-1.0
36.96759308,127.87268006,-59.48,1.2686,0.00,1,-6.08,-1.0
36.96759110,127.87268139,-58.89,1.3102,0.00,1,-5.89,-1.0
36.96758911,127.87268267,-54.28,1.1310,0.00,1,-5.67,-1.0
36.96758737,127.87268443,-47.68,1.1310,0.00,1,-5.40,-1.0
36.96758588,127.87268653,-37.84,1.2192,0.00,1,-5.21,-1.0
36.96758459,127.87268881,-29.66,1.4137,0.00,1,-5.15,-1.0
36.96758370,127.87269139,-22.87,1.4137,0.00,1,-5.18,-1.0
36.96758299,127.87269406,-16.16,1.4137,0.00,1,-5.14,-1.0
36.96758243,127.87269678,-10.74,1.4137,0.00,1,-5.05,-1.0
36.96758210,127.87269955,-5.25,1.1310,0.00,1,-4.91,-1.0
36.96758204,127.87270236,0.35,1.1310,0.00,1,-4.82,-1.0
36.96758217,127.87270517,4.69,1.1310,0.00,1,-4.68,-1.0
36.96758249,127.87270795,6.90,1.1310,0.00,1,-4.51,-1.0
36.96758284,127.87271073,7.61,0.9432,0.00,1,-4.26,-1.0
36.96758312,127.87271351,7.24,0.8482,0.00,1,-3.94,-1.0
36.96758336,127.87271631,6.78,0.8482,0.00,1,-3.61,-1.0
36.96758362,127.87271910,6.82,0.7196,0.00,1,-3.32,-1.0
36.96758390,127.87272189,7.37,0.6431,0.00,1,-2.99,-1.0
36.96758418,127.87272468,8.24,0.8482,0.00,1,-2.52,-1.0
36.96758451,127.87272746,9.42,0.8482,0.00,1,-2.08,-1.0
36.96758491,127.87273023,11.01,0.8482,0.00,1,-1.69,-0.4
36.96758537,127.87273298,12.77,0.8482,0.00,1,-1.35,0.0
36.96758590,127.87273571,14.29,0.8482,0.00,1,-1.05,0.0
36.96758650,127.87273842,15.81,0.8482,0.00,1,-0.75,0.0
36.96758712,127.87274111,17.30,0.8482,0.00,1,-0.64,0.0
36.96758781,127.87274379,18.56,0.8482,0.00,1,-0.61,0.0
36.96758857,127.87274644,19.84,0.8482,0.00,1,-0.65,0.0
36.96758936,127.87274907,21.03,0.9563,0.00,1,-0.74,0.0
36.96759017,127.87275169,21.99,1.1310,0.00,1,-0.82,0.0
36.96759103,127.87275428,23.00,1.1310,0.00,1,-0.90,0.0
36.96759193,127.87275686,23.77,1.1310,0.00,1,-1.03,0.0
36.96759287,127.87275941,23.69,1.1345,0.00,1,-1.12,0.0
36.96759379,127.87276198,22.19,1.3954,0.00,1,-1.10,0.0
36.96759464,127.87276458,18.72,1.4137,0.00,1,-1.12,0.0
36.96759532,127.87276725,13.41,1.4137,0.00,1,-1.12,0.0
36.96759573,127.87277001,6.56,1.2171,0.00,1,-1.11,0.0
36.96759586,127.87277281,-1.30,1.3010,0.00,1,-1.12,0.0
36.96759566,127.87277560,-8.66,1.2705,0.00,1,-1.17,0.0
36.96759512,127.87277833,-15.78,1.2500,0.00,1,-1.23,0.0
36.96759440,127.87278099,-21.79,1.3165,0.00,1,-1.30,0.0
36.96759344,127.87278353,-25.89,1.1310,0.00,1,-1.37,0.0
36.96759234,127.87278598,-29.04,1.1310,0.00,1,-1.44,0.0
36.96759121,127.87278841,-30.47,1.1310,0.00,1,-1.46,0.0
36.96759004,127.87279081,-30.73,1.1310,0.00,1,-1.37,0.0
36.96758888,127.87279322,-30.61,1.1310,0.00,1,-1.14,0.0
36.96758775,127.87279565,-30.50,1.0660,0.00,1,-0.85,0.0
36.96758664,127.87279809,-30.74,0.8657,0.00,1,-0.57,0.0
36.96758548,127.87280050,-31.44,1.0260,0.00,1,-0.31,0.0
36.96758429,127.87280288,-32.27,1.0451,0.00,1,-0.08,0.0
36.96758307,127.87280524,-32.12,0.8586,0.00,1,0.13,0.0
36.96758184,127.87280759,-29.82,1.0216,0.00,1,0.29,0.0
36.96758071,127.87281001,-26.66,1.2085,0.00,1,0.37,0.0
36.96757984,127.87281260,-22.74,1.4011,0.00,1,0.36,0.0
36.96757905,127.87281524,-18.42,1.0399,0.00,1,0.25,0.0
36.96757838,127.87281792,-15.20,0.9559,0.00,1,0.11,0.0
36.96757788,127.87282065,-12.57,1.1310,0.00,1,-0.07,0.0
36.96757749,127.87282342,-10.71,1.1310,0.00,1,-0.30,0.0
36.96757710,127.87282619,-9.96,1.1310,0.00,1,-0.64,0.0
36.96757671,127.87282896,-9.96,1.1310,0.00,1,-0.98,0.0
36.96757632,127.87283173,-9.96,1.1310,0.00,1,-1.29,0.0
36.96757594,127.87283450,-9.96,1.3111,0.00,1,-1.56,0.0
36.96757555,127.87283727,-9.96,1.4137,0.00,1,-1.80,0.0
36.96757516,127.87284003,-9.96,1.4137,0.00,1,-2.02,0.0
36.96757477,127.87284280,-9.96,1.4137,0.00,1,-2.18,0.0
36.96757438,127.87284557,-9.96,1.4137,0.00,1,-2.28,0.0
36.96757400,127.87284834,-9.96,1.4716,0.00,1,-2.36,0.0
36.96757361,127.87285111,-9.96,1.6951,0.00,1,-2.46,0.0
36.96757322,127.87285388,-9.96,1.4515,0.00,1,-2.62,0.0
36.96757283,127.87285664,-9.96,1.4137,0.00,1,-2.73,0.0
36.96757244,127.87285941,-9.96,1.6315,0.00,1,-2.77,0.0
36.96757205,127.87286218,-9.96,1.4640,0.00,1,-2.51,0.0
36.96757167,127.87286495,-9.96,1.4137,0.00,1,-2.46,0.0
36.96757128,127.87286772,-9.96,1.6389,0.00,1,-2.25,0.0
36.96757089,127.87287049,-9.96,1.5625,0.00,1,-1.67,0.0
36.96757050,127.87287326,-9.89,1.6965,0.00,1,-1.20,0.0
36.96757011,127.87287602,-10.00,1.1406,0.00,1,-0.58,0.0
36.96756973,127.87287879,-11.15,1.3941,0.00,1,-0.02,0.0
36.96756933,127.87288156,-12.31,1.1310,0.00,1,0.26,0.0
36.96756876,127.87288428,-13.54,1.0768,0.00,1,0.19,0.0
36.96756820,127.87288700,-14.59,0.8482,0.00,1,-0.01,0.0
36.96756763,127.87288972,-14.59,0.7375,0.00,1,-0.09,0.0
36.96756707,127.87289244,-14.59,0.7617,0.00,1,-0.24,0.0
36.96756650,127.87289516,-14.59,0.5655,0.00,1,-0.28,0.0
36.96756594,127.87289788,-14.59,0.7098,0.00,1,-0.25,0.0
36.96756537,127.87290060,-14.59,1.0012,0.00,1,-0.35,0.0
36.96756481,127.87290332,-14.59,1.0343,0.00,1,-0.49,0.0
36.96756424,127.87290604,-14.59,0.9028,0.00,1,-0.52,0.0
36.96756367,127.87290876,-14.59,0.8482,0.00,1,-0.44,0.0
36.96756311,127.87291148,-14.59,0.8482,0.00,1,-0.27,0.0
36.96756254,127.87291420,-14.59,0.8482,0.00,1,-0.03,0.0
36.96756198,127.87291692,-14.59,0.6553,0.00,1,0.08,0.0
36.96756141,127.87291964,-14.59,0.8151,0.00,1,0.02,0.0
36.96756085,127.87292236,-14.59,0.8482,0.00,1,-0.10,0.0
36.96756028,127.87292508,-14.59,0.8482,0.00,1,-0.31,0.0
36.96755972,127.87292780,-14.59,0.8482,0.00,1,-0.50,0.0
36.96755915,127.87293052,-14.59,0.8347,0.00,1,-0.65,0.0
36.96755858,127.87293324,-14.59,0.5669,0.00,1,-0.80,0.0
36.96755802,127.87293596,-14.59,0.8343,0.00,1,-0.92,0.0
36.96755745,127.87293868,-13.53,0.8482,0.00,1,-0.95,0.0
36.96755689,127.87294140,-9.97,0.6404,0.00,1,-0.94,0.0
36.96755649,127.87294415,-6.39,0.5655,0.00,1,-0.86,0.0
36.96755647,127.87294696,-3.71,0.8274,0.00,1,-0.76,0.0
36.96755646,127.87294977,-3.38,1.0316,0.00,1,-0.64,0.0
36.96755631,127.87295257,-6.69,0.9330,0.00,1,-0.57,0.0
36.96755596,127.87295535,-10.00,1.0534,0.00,1,-0.53,0.0
36.96755543,127.87295808,-12.41,0.8482,0.00,1,-0.55,0.0
36.96755491,127.87296081,-13.56,0.8790,0.00,1,-0.59,0.0
36.96755438,127.87296354,-13.56,1.1265,0.00,1,-0.64,0.0
36.96755385,127.87296628,-13.56,0.8776,0.00,1,-0.69,0.0
36.96755333,127.87296901,-13.56,0.8482,0.00,1,-0.75,0.0
36.96755280,127.87297174,-13.56,1.0075,0.00,1,-0.78,0.0
36.96755227,127.87297447,-13.56,1.0305,0.00,1,-0.79,0.0
36.96755175,127.87297721,-13.56,0.8875,0.00,1,-0.81,0.0
36.96755122,127.87297994,-13.56,1.1085,0.00,1,-0.84,0.0
36.96755070,127.87298267,-13.56,0.9173,0.00,1,-0.86,0.0
36.96755017,127.87298540,-13.56,1.0200,0.00,1,-0.82,0.0
36.96754964,127.87298814,-13.56,1.0093,0.00,1,-0.71,0.0
36.96754912,127.87299087,-13.56,0.9122,0.00,1,-0.57,0.0
36.96754859,127.87299360,-13.56,1.1310,0.00,1,-0.44,0.0
36.96754806,127.87299633,-13.56,1.1310,0.00,1,-0.29,0.0
36.96754754,127.87299907,-13.56,1.1310,0.00,1,-0.14,0.0
36.96754701,127.87300180,-13.56,1.1310,0.00,1,-0.06,0.0
36.96754648,127.87300453,-13.56,1.1310,0.00,1,-0.05,0.0
36.96754596,127.87300726,-13.56,1.1310,0.00,1,-0.10,0.0
36.96754543,127.87301000,-13.56,1.1817,0.00,1,-0.20,0.0
36.96754490,127.87301273,-13.17,1.3910,0.00,1,-0.21,0.0
36.96754438,127.87301546,-11.89,1.1464,0.00,1,-0.08,0.0
36.96754391,127.87301821,-10.35,1.1310,0.00,1,0.05,0.0
36.96754358,127.87302099,-8.34,1.3306,0.00,1,0.18,0.0
36.96754329,127.87302378,-5.84,1.4137,0.00,1,0.30,0.0
36.96754308,127.87302657,-4.21,1.2802,0.00,1,0.32,0.0
36.96754300,127.87302938,-2.86,1.1310,0.00,1,0.22,0.0
36.96754292,127.87303219,-1.98,1.1974,0.00,1,0.04,0.0
36.96754284,127.87303500,-1.98,1.3818,0.00,1,-0.07,0.0
36.96754277,127.87303781,-1.98,1.1310,0.00,1,-0.03,0.0
36.96754269,127.87304062,-1.98,1.1310,0.00,1,0.22,0.0
36.96754261,127.87304343,-1.98,1.3960,0.00,1,0.52,0.0
36.96754253,127.87304624,-1.98,1.1502,0.00,1,0.76,0.0
36.96754246,127.87304904,-1.98,1.3967,0.00,1,0.95,0.0
36.96754238,127.87305185,-1.98,1.1310,0.00,1,0.80,0.0
36.96754230,127.87305466,-1.98,1.0780,0.00,1,0.48,0.0
36.96754222,127.87305747,-1.98,0.8482,0.00,1,0.21,0.0
36.96754215,127.87306028,-1.98,1.0273,0.00,1,0.06,0.0
36.96754207,127.87306309,-1.98,1.1310,0.00,1,0.06,0.0
36.96754199,127.87306590,-1.98,1.1310,0.00,1,0.10,0.0
36.96754191,127.87306871,-1.98,0.9481,0.00,1,0.13,0.0
36.96754184,127.87307152,-1.98,0.9844,0.00,1,0.14,0.0
36.96754176,127.87307433,-1.98,1.1310,0.00,1,0.11,0.0
36.96754168,127.87307714,-1.98,1.1167,0.00,1,0.06,0.0
36.96754161,127.87307995,-1.98,0.8963,0.00,1,-0.01,0.0
36.96754153,127.87308275,-1.98,0.8482,0.00,1,-0.07,0.0
36.96754145,127.87308556,-1.84,0.8482,0.00,1,-0.11,0.0
36.96754137,127.87308837,-1.41,0.8482,0.00,1,-0.12,0.0
36.96754132,127.87309118,-1.01,0.6858,0.00,1,-0.08,0.0
36.96754131,127.87309399,-0.76,0.7678,0.00,1,-0.03,0.0
36.96754129,127.87309680,-0.38,0.8482,0.00,1,-0.00,0.0
36.96754125,127.87309961,-0.20,1.1310,0.00,1,-0.03,0.0
36.96754126,127.87310242,-0.43,1.1310,0.00,1,-0.18,0.0
36.96754128,127.87310524,-0.25,1.1310,0.00,1,-0.02,0.0
36.96754122,127.87310901,-0.41,0.8482,0.00,1,0.85,0.0
